{
  "metrics": [
    "auroc",
    "auprc",
    "accuracy",
    "ece",
    "brier",
    "nll"
  ],
  "scenarios": {
    "A": {
      "FedAvg": {
        "run_dir": "runs/fedavg/seed0",
        "n_rounds": 100,
        "n_rows": 1300,
        "mode_a": {
          "auroc": {
            "mean": 0.7179461733243564,
            "min": 0.5422611344247328,
            "max": 0.7492119292543568
          },
          "auprc": {
            "mean": 0.6814650427382213,
            "min": 0.5117472291245858,
            "max": 0.70744051389658
          },
          "accuracy": {
            "mean": 0.668253326986776,
            "min": 0.5399766912490667,
            "max": 0.6953399045957108
          },
          "ece": {
            "mean": 0.10863844677372725,
            "min": 0.09785293028154365,
            "max": 0.38722993619155316
          },
          "brier": {
            "mean": 0.21105199794684848,
            "min": 0.19908705072271873,
            "max": 0.3942016811603889
          },
          "nll": {
            "mean": 0.6106492933454098,
            "min": 0.5824896450078053,
            "max": 1.070601309173962
          }
        },
        "mode_b": {
          "auroc": {
            "mean": 0.7179461733243562,
            "min": 0.4816930970149254,
            "max": 0.8531051802664623
          },
          "auprc": {
            "mean": 0.6814650427382213,
            "min": 0.3033917806986348,
            "max": 0.8342609005412014
          },
          "accuracy": {
            "mean": 0.6682533269867759,
            "min": 0.4693251533742331,
            "max": 0.8
          },
          "ece": {
            "mean": 0.10863844677372725,
            "min": 0.0136962192358133,
            "max": 0.5567557985612167
          },
          "brier": {
            "mean": 0.21105199794684845,
            "min": 0.1590444903438905,
            "max": 0.5127028305019594
          },
          "nll": {
            "mean": 0.61064929334541,
            "min": 0.4940197761035326,
            "max": 1.3670809987009076
          }
        }
      },
      "FedBE": {
        "run_dir": "runs/fedbe/seed0",
        "n_rounds": 100,
        "n_rows": 1300,
        "mode_a": {
          "auroc": {
            "mean": 0.6359500450675345,
            "min": 0.5310713535186804,
            "max": 0.6674203223413777
          },
          "auprc": {
            "mean": 0.6069846476020913,
            "min": 0.493840442581075,
            "max": 0.6452325521524394
          },
          "accuracy": {
            "mean": 0.6112831519812479,
            "min": 0.5003406260898665,
            "max": 0.6401655528967786
          },
          "ece": {
            "mean": 0.11909785283583252,
            "min": 0.10207549213010471,
            "max": 0.3667351762197163
          },
          "brier": {
            "mean": 0.23568172625394537,
            "min": 0.22498426567944568,
            "max": 0.37667965314430535
          },
          "nll": {
            "mean": 0.6639603685035176,
            "min": 0.6410112731925397,
            "max": 1.0092066715980295
          }
        },
        "mode_b": {
          "auroc": {
            "mean": 0.6359500450675345,
            "min": 0.4577265372168285,
            "max": 0.7617162559060144
          },
          "auprc": {
            "mean": 0.6069846476020913,
            "min": 0.2904155256332075,
            "max": 0.8097292472747131
          },
          "accuracy": {
            "mean": 0.6112831519812479,
            "min": 0.4117647058823529,
            "max": 0.7862068965517242
          },
          "ece": {
            "mean": 0.1190978528358325,
            "min": 0.0092778872086281,
            "max": 0.5344740032079928
          },
          "brier": {
            "mean": 0.23568172625394543,
            "min": 0.1873798285748033,
            "max": 0.4884536573689371
          },
          "nll": {
            "mean": 0.6639603685035176,
            "min": 0.5626302669930275,
            "max": 1.2792800282796564
          }
        }
      }
    }
  }
}