{
  "fedavg": {
    "label": "FedAvg",
    "last_round": 100,
    "last": {
      "auroc": 0.7460191886458372,
      "auprc": 0.7060960595873089,
      "ece": 0.0262404040756035,
      "nll": 0.5899218283788867,
      "brier": 0.202275644766159,
      "threshold": 0.4522608961051588,
      "acc": 0.6833733493397359,
      "f1": 0.6465661641541038,
      "precision": 0.6450534759358288,
      "recall": 0.6480859637340497
    },
    "best_auroc": {
      "round": 100,
      "value": 0.7460191886458372
    },
    "best_auprc": {
      "round": 100,
      "value": 0.7060960595873089
    },
    "best_ece": {
      "round": 24,
      "value": 0.0160073581052288
    },
    "best_nll": {
      "round": 100,
      "value": 0.5899218283788867
    },
    "best_brier": {
      "round": 100,
      "value": 0.202275644766159
    }
  },
  "fedbe": {
    "label": "FedBE",
    "last_round": 100,
    "last": {
      "auroc": 0.6679622349025792,
      "auprc": 0.6369193174936278,
      "ece": 0.0490706116001475,
      "nll": 0.6447428545941597,
      "brier": 0.2267982721457279,
      "threshold": 0.5250839610179928,
      "acc": 0.6362545018007203,
      "f1": 0.5608695652173913,
      "precision": 0.6089693154996066,
      "recall": 0.5198119543317663
    },
    "best_auroc": {
      "round": 75,
      "value": 0.6702244384302027
    },
    "best_auprc": {
      "round": 71,
      "value": 0.6408218855807342
    },
    "best_ece": {
      "round": 92,
      "value": 0.0391632550715692
    },
    "best_nll": {
      "round": 92,
      "value": 0.6426440840684958
    },
    "best_brier": {
      "round": 92,
      "value": 0.2257779214909793
    }
  },
  "fedavg_run": "runs/fedavg/seed0",
  "fedbe_run": "runs/fedbe/seed0"
}
