{
  "started_utc": "2026-02-03T15:43:17Z",
  "data_dir": "federated_data",
  "split": "test",
  "group": "caseid",
  "n": 3332,
  "n_pos": 1489,
  "n_neg": 1843,
  "bootstrap": {
    "n_boot": 2000,
    "seed": 42
  },
  "variant": "pre",
  "method_a": {
    "kind": "ioh",
    "run_dir": "runs/fedavg/seed0",
    "checkpoint": "runs/fedavg/seed0/checkpoints/model_best.pt",
    "temperature": null,
    "threshold": null
  },
  "method_b": {
    "kind": "ioh",
    "run_dir": "runs/fedbe/seed0",
    "checkpoint": "runs/fedbe/seed0/checkpoints/model_best.pt",
    "temperature": null,
    "threshold": null
  },
  "metrics_a": {
    "pre": {
      "n": 3332,
      "n_pos": 1489,
      "n_neg": 1843,
      "auprc": 0.7023003630194748,
      "auroc": 0.742649022839583,
      "brier": 0.20392007239434104,
      "nll": 0.5938119269556819,
      "ece": 0.032423461510887555
    },
    "post": null
  },
  "metrics_b": {
    "pre": {
      "n": 3332,
      "n_pos": 1489,
      "n_neg": 1843,
      "auprc": 0.6396290083783435,
      "auroc": 0.6792306175837495,
      "brier": 0.22695875043307545,
      "nll": 0.6495821663812287,
      "ece": 0.05271352519121747
    },
    "post": null
  },
  "comparison": {
    "auprc": {
      "a": 0.7023003630194748,
      "b": 0.6396290083783435,
      "diff": -0.06230036482479876,
      "diff_p2_5": -0.08306283275058496,
      "diff_p97_5": -0.042677318928775645,
      "p_two_sided": 0.0009995002498750624,
      "p_greater": 1.0,
      "p_less": 0.0004997501249375312,
      "n_boot": 2000.0,
      "n_valid": 2000.0
    },
    "auroc": {
      "a": 0.742649022839583,
      "b": 0.6792306175837495,
      "diff": -0.06335838445624982,
      "diff_p2_5": -0.08373366769367052,
      "diff_p97_5": -0.043568155896783575,
      "p_two_sided": 0.0009995002498750624,
      "p_greater": 1.0,
      "p_less": 0.0004997501249375312,
      "n_boot": 2000.0,
      "n_valid": 2000.0
    },
    "ece": {
      "a": 0.032423461510887555,
      "b": 0.05271352519121747,
      "diff": 0.01992950387691171,
      "diff_p2_5": 0.0027981687375023007,
      "diff_p97_5": 0.0376421318798759,
      "p_two_sided": 0.025987006496751622,
      "p_greater": 0.012993503248375811,
      "p_less": 0.9875062468765617,
      "n_boot": 2000.0,
      "n_valid": 2000.0
    },
    "brier": {
      "a": 0.20392007239434104,
      "b": 0.22695875043307545,
      "diff": 0.023040921066576688,
      "diff_p2_5": 0.016404149497337643,
      "diff_p97_5": 0.029991052520115562,
      "p_two_sided": 0.0009995002498750624,
      "p_greater": 0.0004997501249375312,
      "p_less": 1.0,
      "n_boot": 2000.0,
      "n_valid": 2000.0
    },
    "nll": {
      "a": 0.5938119269556819,
      "b": 0.6495821663812287,
      "diff": 0.055744278773169724,
      "diff_p2_5": 0.039871835649453104,
      "diff_p97_5": 0.07230987883405934,
      "p_two_sided": 0.0009995002498750624,
      "p_greater": 0.0004997501249375312,
      "p_less": 1.0,
      "n_boot": 2000.0,
      "n_valid": 2000.0
    }
  },
  "reliability": {
    "FedAvg": [
      {
        "bin": 0,
        "bin_start": 0.0,
        "bin_end": 0.06666666666666667,
        "confidence": NaN,
        "accuracy": NaN,
        "weight": 0.0
      },
      {
        "bin": 1,
        "bin_start": 0.06666666666666667,
        "bin_end": 0.13333333333333333,
        "confidence": 0.12457911625465962,
        "accuracy": 0.13636363636363635,
        "weight": 0.006602641056422569
      },
      {
        "bin": 2,
        "bin_start": 0.13333333333333333,
        "bin_end": 0.2,
        "confidence": 0.17153993087308503,
        "accuracy": 0.11724137931034483,
        "weight": 0.08703481392557023
      },
      {
        "bin": 3,
        "bin_start": 0.2,
        "bin_end": 0.26666666666666666,
        "confidence": 0.2344501178681094,
        "accuracy": 0.2278177458033573,
        "weight": 0.1251500600240096
      },
      {
        "bin": 4,
        "bin_start": 0.26666666666666666,
        "bin_end": 0.3333333333333333,
        "confidence": 0.3006608330308934,
        "accuracy": 0.3299492385786802,
        "weight": 0.11824729891956783
      },
      {
        "bin": 5,
        "bin_start": 0.3333333333333333,
        "bin_end": 0.4,
        "confidence": 0.366691735784428,
        "accuracy": 0.3123359580052493,
        "weight": 0.11434573829531813
      },
      {
        "bin": 6,
        "bin_start": 0.4,
        "bin_end": 0.4666666666666667,
        "confidence": 0.43219462776910583,
        "accuracy": 0.4380952380952381,
        "weight": 0.09453781512605042
      },
      {
        "bin": 7,
        "bin_start": 0.4666666666666667,
        "bin_end": 0.5333333333333333,
        "confidence": 0.49839649457661495,
        "accuracy": 0.47101449275362317,
        "weight": 0.08283313325330131
      },
      {
        "bin": 8,
        "bin_start": 0.5333333333333333,
        "bin_end": 0.6,
        "confidence": 0.5666247185833493,
        "accuracy": 0.54296875,
        "weight": 0.07683073229291716
      },
      {
        "bin": 9,
        "bin_start": 0.6,
        "bin_end": 0.6666666666666666,
        "confidence": 0.634457622187137,
        "accuracy": 0.5733333333333334,
        "weight": 0.06752701080432173
      },
      {
        "bin": 10,
        "bin_start": 0.6666666666666666,
        "bin_end": 0.7333333333333333,
        "confidence": 0.6981907969865708,
        "accuracy": 0.6863636363636364,
        "weight": 0.06602641056422569
      },
      {
        "bin": 11,
        "bin_start": 0.7333333333333333,
        "bin_end": 0.8,
        "confidence": 0.7674363868463195,
        "accuracy": 0.7319587628865979,
        "weight": 0.05822328931572629
      },
      {
        "bin": 12,
        "bin_start": 0.8,
        "bin_end": 0.8666666666666667,
        "confidence": 0.8290649422162935,
        "accuracy": 0.7426900584795322,
        "weight": 0.051320528211284515
      },
      {
        "bin": 13,
        "bin_start": 0.8666666666666667,
        "bin_end": 0.9333333333333333,
        "confidence": 0.8977155927733123,
        "accuracy": 0.8778625954198473,
        "weight": 0.039315726290516204
      },
      {
        "bin": 14,
        "bin_start": 0.9333333333333333,
        "bin_end": 1.0,
        "confidence": 0.9483438056286555,
        "accuracy": 0.925,
        "weight": 0.012004801920768308
      }
    ],
    "FedBE": [
      {
        "bin": 0,
        "bin_start": 0.0,
        "bin_end": 0.06666666666666667,
        "confidence": NaN,
        "accuracy": NaN,
        "weight": 0.0
      },
      {
        "bin": 1,
        "bin_start": 0.06666666666666667,
        "bin_end": 0.13333333333333333,
        "confidence": 0.13125247092622594,
        "accuracy": 1.0,
        "weight": 0.0012004801920768306
      },
      {
        "bin": 2,
        "bin_start": 0.13333333333333333,
        "bin_end": 0.2,
        "confidence": 0.177186404201108,
        "accuracy": 0.2636363636363636,
        "weight": 0.06602641056422569
      },
      {
        "bin": 3,
        "bin_start": 0.2,
        "bin_end": 0.26666666666666666,
        "confidence": 0.23203902902350598,
        "accuracy": 0.23579545454545456,
        "weight": 0.1056422569027611
      },
      {
        "bin": 4,
        "bin_start": 0.26666666666666666,
        "bin_end": 0.3333333333333333,
        "confidence": 0.3013740880281374,
        "accuracy": 0.31419939577039274,
        "weight": 0.09933973589435774
      },
      {
        "bin": 5,
        "bin_start": 0.3333333333333333,
        "bin_end": 0.4,
        "confidence": 0.36880249748927546,
        "accuracy": 0.37480798771121354,
        "weight": 0.1953781512605042
      },
      {
        "bin": 6,
        "bin_start": 0.4,
        "bin_end": 0.4666666666666667,
        "confidence": 0.42680641766221006,
        "accuracy": 0.3935309973045822,
        "weight": 0.11134453781512606
      },
      {
        "bin": 7,
        "bin_start": 0.4666666666666667,